{"size":0.14598425196850395,"breathe":0.3968503937007874,"pulse":1.0629921259842519,"speed":0.35,"wobble":0.0255,"trail":0.75585,"palette.source":1}